[
 {
 "uid": "1",
 "name": "Ктулху",
 "subtitle": "Безумие из глубин",
 "score": 12,
 "cultist": [1,1,0],
 "prepeare": "Отложите колоду особых контактов Ктулху и жетоны монстров: 1 звёздное отродье и 1 Глубоководного",
 "myth_stack": [[0,2,2],[1,3,0],[3,4,0]],
 "description_info": ["Войдя в локацию с жетоном древних сыщик теряет 1 рассудок и задержан",
                      "Каждый в морской локации, где нет жетонов Древних кладет жетон древних в свою локацию",
                      "Если разгаданы 3 тайны - сыщики побеждают",
                      "Когда Ктулху пробуждается, переверните этот лист"
                      ],
 "other": "Миллиарды лет назад Ктулху спустился на Землю со своими собратьями - звёздными отродьями. Сейчас он спит в затонувшем городе Р'льех, ожидая, когда звёзды займут нужное положение.",
 "imageURLString": "https://i.pinimg.com/564x/54/c4/e0/54c4e0e4e535a88ca0f4ed15dc852268.jpg"
 },
 {
 "uid": "2",
 "name": "Азатот",
 "subtitle": "Султан демонов",
 "score": 15,
 "cultist": [1,0,1],
 "prepeare": "Положите 1 жетон Древних на зелёное деление круга знамений.",
 "myth_stack": [[1,2,1],[2,3,1],[2,4,0]],
 "description_info": ["Когда жетон знамений передвигается на зелэное деление круга, повысьте безысходность на 1 за каждый жетон Древних на этом делении.",
                      "Если разгаданы 3 тайны, сыщики побеждают",
                      "Когда Азатот пробуждается, переверните этот лист и зачитайте раздел \"Мир уничтожен!\"."
                      ],
 "other": "Безумный бог восседает в центре всего сущего, распространяя безумие и смерть. Его семя нисходит со звёзд, угрожая расколоть мир пополам.",
 "imageURLString": "https://i.pinimg.com/564x/c4/83/6b/c4836bbdbee9b54a63385ce4c305dba6.jpg"
 },
 {
 "uid": "2",
 "name": "Азатот",
 "subtitle": "Султан демонов",
 "score": 15,
 "cultist": [1,0,1],
 "prepeare": "Положите 1 жетон Древних на зелёное деление круга знамений.",
 "myth_stack": [[1,2,1],[2,3,1],[2,4,0]],
 "description_info": ["Когда жетон знамений передвигается на зелэное деление круга, повысьте безысходность на 1 за каждый жетон Древних на этом делении.",
                      "Если разгаданы 3 тайны, сыщики побеждают",
                      "Когда Азатот пробуждается, переверните этот лист и зачитайте раздел \"Мир уничтожен!\"."
                      ],
 "other": "Безумный бог восседает в центре всего сущего, распространяя безумие и смерть. Его семя нисходит со звёзд, угрожая расколоть мир пополам.",
 "imageURLString": "https://i.pinimg.com/564x/c4/83/6b/c4836bbdbee9b54a63385ce4c305dba6.jpg"
 },
 {
 "uid": "2",
 "name": "Азатот",
 "subtitle": "Султан демонов",
 "score": 15,
 "cultist": [1,0,1],
 "prepeare": "Положите 1 жетон Древних на зелёное деление круга знамений.",
 "myth_stack": [[1,2,1],[2,3,1],[2,4,0]],
 "description_info": ["Когда жетон знамений передвигается на зелэное деление круга, повысьте безысходность на 1 за каждый жетон Древних на этом делении.",
                      "Если разгаданы 3 тайны, сыщики побеждают",
                      "Когда Азатот пробуждается, переверните этот лист и зачитайте раздел \"Мир уничтожен!\"."
                      ],
 "other": "Безумный бог восседает в центре всего сущего, распространяя безумие и смерть. Его семя нисходит со звёзд, угрожая расколоть мир пополам.",
 "imageURLString": "https://i.pinimg.com/564x/c4/83/6b/c4836bbdbee9b54a63385ce4c305dba6.jpg"
 },
 {
 "uid": "2",
 "name": "Азатот",
 "subtitle": "Султан демонов",
 "score": 15,
 "cultist": [1,0,1],
 "prepeare": "Положите 1 жетон Древних на зелёное деление круга знамений.",
 "myth_stack": [[1,2,1],[2,3,1],[2,4,0]],
 "description_info": ["Когда жетон знамений передвигается на зелэное деление круга, повысьте безысходность на 1 за каждый жетон Древних на этом делении.",
                      "Если разгаданы 3 тайны, сыщики побеждают",
                      "Когда Азатот пробуждается, переверните этот лист и зачитайте раздел \"Мир уничтожен!\"."
                      ],
 "other": "Безумный бог восседает в центре всего сущего, распространяя безумие и смерть. Его семя нисходит со звёзд, угрожая расколоть мир пополам.",
 "imageURLString": "https://i.pinimg.com/564x/c4/83/6b/c4836bbdbee9b54a63385ce4c305dba6.jpg"
 },
 {
 "uid": "2",
 "name": "Азатот",
 "subtitle": "Султан демонов",
 "score": 15,
 "cultist": [1,0,1],
 "prepeare": "Положите 1 жетон Древних на зелёное деление круга знамений.",
 "myth_stack": [[1,2,1],[2,3,1],[2,4,0]],
 "description_info": ["Когда жетон знамений передвигается на зелэное деление круга, повысьте безысходность на 1 за каждый жетон Древних на этом делении.",
                      "Если разгаданы 3 тайны, сыщики побеждают",
                      "Когда Азатот пробуждается, переверните этот лист и зачитайте раздел \"Мир уничтожен!\"."
                      ],
 "other": "Безумный бог восседает в центре всего сущего, распространяя безумие и смерть. Его семя нисходит со звёзд, угрожая расколоть мир пополам.",
 "imageURLString": "https://i.pinimg.com/564x/c4/83/6b/c4836bbdbee9b54a63385ce4c305dba6.jpg"
 },
 {
 "uid": "2",
 "name": "Азатот",
 "subtitle": "Султан демонов",
 "score": 15,
 "cultist": [1,0,1],
 "prepeare": "Положите 1 жетон Древних на зелёное деление круга знамений.",
 "myth_stack": [[1,2,1],[2,3,1],[2,4,0]],
 "description_info": ["Когда жетон знамений передвигается на зелэное деление круга, повысьте безысходность на 1 за каждый жетон Древних на этом делении.",
                      "Если разгаданы 3 тайны, сыщики побеждают",
                      "Когда Азатот пробуждается, переверните этот лист и зачитайте раздел \"Мир уничтожен!\"."
                      ],
 "other": "Безумный бог восседает в центре всего сущего, распространяя безумие и смерть. Его семя нисходит со звёзд, угрожая расколоть мир пополам.",
 "imageURLString": "https://i.pinimg.com/564x/c4/83/6b/c4836bbdbee9b54a63385ce4c305dba6.jpg"
 },
 {
 "uid": "2",
 "name": "Азатот",
 "subtitle": "Султан демонов",
 "score": 15,
 "cultist": [1,0,1],
 "prepeare": "Положите 1 жетон Древних на зелёное деление круга знамений.",
 "myth_stack": [[1,2,1],[2,3,1],[2,4,0]],
 "description_info": ["Когда жетон знамений передвигается на зелэное деление круга, повысьте безысходность на 1 за каждый жетон Древних на этом делении.",
                      "Если разгаданы 3 тайны, сыщики побеждают",
                      "Когда Азатот пробуждается, переверните этот лист и зачитайте раздел \"Мир уничтожен!\"."
                      ],
 "other": "Безумный бог восседает в центре всего сущего, распространяя безумие и смерть. Его семя нисходит со звёзд, угрожая расколоть мир пополам.",
 "imageURLString": "https://i.pinimg.com/564x/c4/83/6b/c4836bbdbee9b54a63385ce4c305dba6.jpg"
 },
 {
 "uid": "2",
 "name": "Азатот",
 "subtitle": "Султан демонов",
 "score": 15,
 "cultist": [1,0,1],
 "prepeare": "Положите 1 жетон Древних на зелёное деление круга знамений.",
 "myth_stack": [[1,2,1],[2,3,1],[2,4,0]],
 "description_info": ["Когда жетон знамений передвигается на зелэное деление круга, повысьте безысходность на 1 за каждый жетон Древних на этом делении.",
                      "Если разгаданы 3 тайны, сыщики побеждают",
                      "Когда Азатот пробуждается, переверните этот лист и зачитайте раздел \"Мир уничтожен!\"."
                      ],
 "other": "Безумный бог восседает в центре всего сущего, распространяя безумие и смерть. Его семя нисходит со звёзд, угрожая расколоть мир пополам.",
 "imageURLString": "https://i.pinimg.com/564x/c4/83/6b/c4836bbdbee9b54a63385ce4c305dba6.jpg"
 },
 {
 "uid": "2",
 "name": "Азатот",
 "subtitle": "Султан демонов",
 "score": 15,
 "cultist": [1,0,1],
 "prepeare": "Положите 1 жетон Древних на зелёное деление круга знамений.",
 "myth_stack": [[1,2,1],[2,3,1],[2,4,0]],
 "description_info": ["Когда жетон знамений передвигается на зелэное деление круга, повысьте безысходность на 1 за каждый жетон Древних на этом делении.",
                      "Если разгаданы 3 тайны, сыщики побеждают",
                      "Когда Азатот пробуждается, переверните этот лист и зачитайте раздел \"Мир уничтожен!\"."
                      ],
 "other": "Безумный бог восседает в центре всего сущего, распространяя безумие и смерть. Его семя нисходит со звёзд, угрожая расколоть мир пополам.",
 "imageURLString": "https://i.pinimg.com/564x/c4/83/6b/c4836bbdbee9b54a63385ce4c305dba6.jpg"
 },
 {
 "uid": "2",
 "name": "Азатот",
 "subtitle": "Султан демонов",
 "score": 15,
 "cultist": [1,0,1],
 "prepeare": "Положите 1 жетон Древних на зелёное деление круга знамений.",
 "myth_stack": [[1,2,1],[2,3,1],[2,4,0]],
 "description_info": ["Когда жетон знамений передвигается на зелэное деление круга, повысьте безысходность на 1 за каждый жетон Древних на этом делении.",
                      "Если разгаданы 3 тайны, сыщики побеждают",
                      "Когда Азатот пробуждается, переверните этот лист и зачитайте раздел \"Мир уничтожен!\"."
                      ],
 "other": "Безумный бог восседает в центре всего сущего, распространяя безумие и смерть. Его семя нисходит со звёзд, угрожая расколоть мир пополам.",
 "imageURLString": "https://i.pinimg.com/564x/c4/83/6b/c4836bbdbee9b54a63385ce4c305dba6.jpg"
 },
 {
 "uid": "2",
 "name": "Азатот",
 "subtitle": "Султан демонов",
 "score": 15,
 "cultist": [1,0,1],
 "prepeare": "Положите 1 жетон Древних на зелёное деление круга знамений.",
 "myth_stack": [[1,2,1],[2,3,1],[2,4,0]],
 "description_info": ["Когда жетон знамений передвигается на зелэное деление круга, повысьте безысходность на 1 за каждый жетон Древних на этом делении.",
                      "Если разгаданы 3 тайны, сыщики побеждают",
                      "Когда Азатот пробуждается, переверните этот лист и зачитайте раздел \"Мир уничтожен!\"."
                      ],
 "other": "Безумный бог восседает в центре всего сущего, распространяя безумие и смерть. Его семя нисходит со звёзд, угрожая расколоть мир пополам.",
 "imageURLString": "https://i.pinimg.com/564x/c4/83/6b/c4836bbdbee9b54a63385ce4c305dba6.jpg"
 }
 ]
